bam,prop. sites covered >5x
Pool_8_S8_L001_R1_001_CTAC.trim.bt2.bam,0.08536568
Pool_24_S8_L001_R1_001_TCAG.trim.bt2.bam,0.093052727
Pool_3_S3_L001_R1_001_CTAC.trim.bt2.bam,0.094171791
Pool_14_S14_L002_R1_001_AGTG.trim.bt2.bam,0.107687388
Pool_24_S8_L001_R1_001_TGTC.trim.bt2.bam,0.113927394
Pool_23_S7_L001_R1_001_TCAG.trim.bt2.bam,0.118404084
Pool_22_S6_L001_R1_001_TCAG.trim.bt2.bam,0.122572714
Pool_6_S6_L001_R1_001_TGTC.trim.bt2.bam,0.126257827
Pool_3_S3_L001_R1_001_AGTG.trim.bt2.bam,0.167427039
Pool_14_Jaskiel_Lane2_S14_L004_R1_001_ACCA.trim.bt2.bam,0.188185213
Pool_15_Jaskiel_Lane2_S15_L004_R1_001_CTAC.trim.bt2.bam,0.189061345
Pool_13_S13_L002_R1_001_GCTT.trim.bt2.bam,0.193813284
Pool_6_Jaskiel_Lane1_S6_L003_R1_001_AGAC.trim.bt2.bam,0.199703684
Pool_13_S13_L002_R1_001_TCAC.trim.bt2.bam,0.205819914
Pool_3_S3_L001_R1_001_GACT.trim.bt2.bam,0.215593854
Pool_14_Jaskiel_Lane2_S14_L004_R1_001_GACT.trim.bt2.bam,0.22563817
Pool_15_S15_L002_R1_001_TCAG.trim.bt2.bam,0.252977242
Pool_14_Jaskiel_Lane2_S14_L004_R1_001_CATC.trim.bt2.bam,0.253060929
Pool_17_S1_L001_R1_001_GCTT.trim.bt2.bam,0.254713287
Pool_15_Jaskiel_Lane2_S15_L004_R1_001_TCAC.trim.bt2.bam,0.268254743
Pool_14_Jaskiel_Lane2_S14_L004_R1_001_TCAC.trim.bt2.bam,0.269579754
Pool_14_Jaskiel_Lane2_S14_L004_R1_001_GCTT.trim.bt2.bam,0.278375904
Pool_7_Jaskiel_Lane1_S7_L003_R1_001_TCAC.trim.bt2.bam,0.292354955
Pool_9_Jaskiel_Lane2_S9_L004_R1_001_AGTG.trim.bt2.bam,0.305158767
Pool_11_Jaskiel_Lane2_S11_L004_R1_001_CATC.trim.bt2.bam,0.31183376
Pool_3_S3_L001_R1_001_TCAC.trim.bt2.bam,0.314496831
Pool_15_Jaskiel_Lane2_S15_L004_R1_001_AGTG.trim.bt2.bam,0.315222844
Pool_11_Jaskiel_Lane2_S11_L004_R1_001_AGAC.trim.bt2.bam,0.316149793
Pool_15_Jaskiel_Lane2_S15_L004_R1_001_GCTT.trim.bt2.bam,0.326470214
Pool_14_Jaskiel_Lane2_S14_L004_R1_001_AGTG.trim.bt2.bam,0.332684896
Pool_14_Jaskiel_Lane2_S14_L004_R1_001_CTAC.trim.bt2.bam,0.346633282
Pool_7_Jaskiel_Lane1_S7_L003_R1_001_GACT.trim.bt2.bam,0.348517741
Pool_6_Jaskiel_Lane1_S6_L003_R1_001_AGTG.trim.bt2.bam,0.35876523
Pool_7_S7_L001_R1_001_GCTT.trim.bt2.bam,0.358999507
Pool_24_S8_L001_R1_001_GACT.trim.bt2.bam,0.366120089
Pool_12_Jaskiel_Lane2_S12_L004_R1_001_GACT.trim.bt2.bam,0.366138694
Pool_9_Jaskiel_Lane2_S9_L004_R1_001_CATC.trim.bt2.bam,0.367818279
Pool_4_Jaskiel_Lane1_S4_L003_R1_001_AGAC.trim.bt2.bam,0.371521364
Pool_14_Jaskiel_Lane2_S14_L004_R1_001_TCAG.trim.bt2.bam,0.371987427
Pool_4_Jaskiel_Lane1_S4_L003_R1_001_TCAC.trim.bt2.bam,0.37218006
Pool_6_Jaskiel_Lane1_S6_L003_R1_001_TGGT.trim.bt2.bam,0.372771238
Pool_13_Jaskiel_Lane2_S13_L004_R1_001_CATC.trim.bt2.bam,0.386722181
Pool_11_Jaskiel_Lane2_S11_L004_R1_001_AGTG.trim.bt2.bam,0.391114605
Pool_12_Jaskiel_Lane2_S12_L004_R1_001_ACCA.trim.bt2.bam,0.391640804
Pool_4_Jaskiel_Lane1_S4_L003_R1_001_TCAG.trim.bt2.bam,0.398516494
Pool_17_S1_L001_R1_001_CATC.trim.bt2.bam,0.405979875
Pool_10_Jaskiel_Lane2_S10_L004_R1_001_GTGA.trim.bt2.bam,0.408066312
Pool_12_S12_L002_R1_001_CTAC.trim.bt2.bam,0.408351327
Pool_13_Jaskiel_Lane2_S13_L004_R1_001_ACCA.trim.bt2.bam,0.408619482
Pool_2_S2_L001_R1_001_CATC.trim.bt2.bam,0.420257695
Pool_13_Jaskiel_Lane2_S13_L004_R1_001_GCTT.trim.bt2.bam,0.421166855
Pool_15_S15_L002_R1_001_TGTC.trim.bt2.bam,0.422215127
Pool_4_Jaskiel_Lane1_S4_L003_R1_001_GCTT.trim.bt2.bam,0.426902182
Pool_17_S1_L001_R1_001_TCAG.trim.bt2.bam,0.427811543
Pool_10_Jaskiel_Lane2_S10_L004_R1_001_TCAC.trim.bt2.bam,0.42865797
Pool_23_S7_L001_R1_001_AGTG.trim.bt2.bam,0.430699102
Pool_12_Jaskiel_Lane2_S12_L004_R1_001_TGTC.trim.bt2.bam,0.432816571
Pool_14_S14_L002_R1_001_CTAC.trim.bt2.bam,0.442995022
Pool_10_Jaskiel_Lane2_S10_L004_R1_001_TGTC.trim.bt2.bam,0.446963859
Pool_9_Jaskiel_Lane2_S9_L004_R1_001_TCAC.trim.bt2.bam,0.454008352
Pool_16_S16_L002_R1_001_CTAC.trim.bt2.bam,0.454416585
Pool_12_S12_L002_R1_001_TGTC.trim.bt2.bam,0.457970415
Pool_12_Jaskiel_Lane2_S12_L004_R1_001_TGGT.trim.bt2.bam,0.458528568
Pool_12_Jaskiel_Lane2_S12_L004_R1_001_GTGA.trim.bt2.bam,0.458819117
Pool_7_S7_L001_R1_001_CTAC.trim.bt2.bam,0.461787096
Pool_9_Jaskiel_Lane2_S9_L004_R1_001_ACCA.trim.bt2.bam,0.462149034
Pool_15_S15_L002_R1_001_CTAC.trim.bt2.bam,0.463369866
Pool_9_Jaskiel_Lane2_S9_L004_R1_001_CTAC.trim.bt2.bam,0.464120547
Pool_17_S1_L001_R1_001_AGTG.trim.bt2.bam,0.47089668
Pool_9_Jaskiel_Lane2_S9_L004_R1_001_AGAC.trim.bt2.bam,0.471425221
Pool_6_Jaskiel_Lane1_S6_L003_R1_001_CTAC.trim.bt2.bam,0.475772317
Pool_6_Jaskiel_Lane1_S6_L003_R1_001_ACCA.trim.bt2.bam,0.476334967
Pool_1_Jaskiel_Lane1_S1_L003_R1_001_CTAC.trim.bt2.bam,0.476894623
Pool_2_Jaskiel_Lane1_S2_L003_R1_001_CATC.trim.bt2.bam,0.477245988
Pool_11_Jaskiel_Lane2_S11_L004_R1_001_CTAC.trim.bt2.bam,0.479146191
Pool_15_Jaskiel_Lane2_S15_L004_R1_001_TGTC.trim.bt2.bam,0.479922534
Pool_22_S6_L001_R1_001_CATC.trim.bt2.bam,0.48088666
Pool_4_Jaskiel_Lane1_S4_L003_R1_001_AGTG.trim.bt2.bam,0.489680349
Pool_1_Jaskiel_Lane1_S1_L003_R1_001_AGTG.trim.bt2.bam,0.493800511
Pool_23_S7_L001_R1_001_CATC.trim.bt2.bam,0.494954867
Pool_14_S14_L002_R1_001_CATC.trim.bt2.bam,0.49588197
Pool_4_Jaskiel_Lane1_S4_L003_R1_001_CATC.trim.bt2.bam,0.497863322
Pool_23_S7_L001_R1_001_GCTT.trim.bt2.bam,0.499552676
Pool_8_S8_L001_R1_001_GCTT.trim.bt2.bam,0.502707282
Pool_13_Jaskiel_Lane2_S13_L004_R1_001_AGTG.trim.bt2.bam,0.504545847
Pool_11_Jaskiel_Lane2_S11_L004_R1_001_GCTT.trim.bt2.bam,0.508059147
Pool_12_Jaskiel_Lane2_S12_L004_R1_001_TCAC.trim.bt2.bam,0.508632002
Pool_22_S6_L001_R1_001_GCTT.trim.bt2.bam,0.510870032
Pool_9_Jaskiel_Lane2_S9_L004_R1_001_GTGA.trim.bt2.bam,0.51106242
Pool_1_Jaskiel_Lane1_S1_L003_R1_001_CATC.trim.bt2.bam,0.514611639
Pool_11_Jaskiel_Lane2_S11_L004_R1_001_TCAG.trim.bt2.bam,0.516030804
Pool_13_Jaskiel_Lane2_S13_L004_R1_001_GACT.trim.bt2.bam,0.51792286
Pool_15_S15_L002_R1_001_GCTT.trim.bt2.bam,0.522390769
Pool_8_S8_L001_R1_001_TCAC.trim.bt2.bam,0.523210661
Pool_4_Jaskiel_Lane1_S4_L003_R1_001_CTAC.trim.bt2.bam,0.523332933
Pool_18_S2_L001_R1_001_TGGT.trim.bt2.bam,0.5261721
Pool_10_Jaskiel_Lane2_S10_L004_R1_001_TCAG.trim.bt2.bam,0.538214894
Pool_20_S4_L001_R1_001_AGTG.trim.bt2.bam,0.538614733
Pool_13_Jaskiel_Lane2_S13_L004_R1_001_TGGT.trim.bt2.bam,0.541977248
Pool_24_S8_L001_R1_001_AGAC.trim.bt2.bam,0.544193916
Pool_11_Jaskiel_Lane2_S11_L004_R1_001_GTGA.trim.bt2.bam,0.546857456
Pool_5_S5_L001_R1_001_CATC.trim.bt2.bam,0.547931424
Pool_10_Jaskiel_Lane2_S10_L004_R1_001_GCTT.trim.bt2.bam,0.548975955
Pool_13_Jaskiel_Lane2_S13_L004_R1_001_TCAG.trim.bt2.bam,0.549109348
Pool_13_Jaskiel_Lane2_S13_L004_R1_001_AGAC.trim.bt2.bam,0.550138835
Pool_8_S8_L001_R1_001_TGTC.trim.bt2.bam,0.553758537
Pool_9_Jaskiel_Lane2_S9_L004_R1_001_GCTT.trim.bt2.bam,0.555612309
Pool_2_S2_L001_R1_001_TCAG.trim.bt2.bam,0.565891887
Pool_4_S4_L001_R1_001_TGTC.trim.bt2.bam,0.567300116
Pool_12_Jaskiel_Lane2_S12_L004_R1_001_AGTG.trim.bt2.bam,0.574289573
Pool_9_Jaskiel_Lane2_S9_L004_R1_001_TGGT.trim.bt2.bam,0.579770238
Pool_21_S5_L001_R1_001_CATC.trim.bt2.bam,0.581093952
Pool_19_S3_L001_R1_001_GACT.trim.bt2.bam,0.581542608
Pool_20_S4_L001_R1_001_GCTT.trim.bt2.bam,0.584041856
Pool_5_S5_L001_R1_001_TCAC.trim.bt2.bam,0.584053756
Pool_11_Jaskiel_Lane2_S11_L004_R1_001_ACCA.trim.bt2.bam,0.584069399
Pool_23_S7_L001_R1_001_ACCA.trim.bt2.bam,0.584461937
Pool_13_S13_L002_R1_001_GACT.trim.bt2.bam,0.587604004
Pool_19_S3_L001_R1_001_CTAC.trim.bt2.bam,0.591320768
Pool_12_Jaskiel_Lane2_S12_L004_R1_001_AGAC.trim.bt2.bam,0.591568203
Pool_20_S4_L001_R1_001_CATC.trim.bt2.bam,0.59375323
Pool_6_Jaskiel_Lane1_S6_L003_R1_001_GCTT.trim.bt2.bam,0.593777404
Pool_15_S15_L002_R1_001_TGGT.trim.bt2.bam,0.595432007
Pool_2_Jaskiel_Lane1_S2_L003_R1_001_GTGA.trim.bt2.bam,0.596020957
Pool_9_S9_L002_R1_001_AGTG.trim.bt2.bam,0.59881717
Pool_2_S2_L001_R1_001_CTAC.trim.bt2.bam,0.602202828
Pool_20_S4_L001_R1_001_GACT.trim.bt2.bam,0.606122855
Pool_20_S4_L001_R1_001_CTAC.trim.bt2.bam,0.607095392
Pool_3_Jaskiel_Lane1_S3_L003_R1_001_CTAC.trim.bt2.bam,0.608396985
Pool_1_Jaskiel_Lane1_S1_L003_R1_001_AGAC.trim.bt2.bam,0.609519935
Pool_2_Jaskiel_Lane1_S2_L003_R1_001_AGAC.trim.bt2.bam,0.612409304
Pool_13_Jaskiel_Lane2_S13_L004_R1_001_GTGA.trim.bt2.bam,0.612534365
Pool_14_Jaskiel_Lane2_S14_L004_R1_001_TGTC.trim.bt2.bam,0.613516556
Pool_2_Jaskiel_Lane1_S2_L003_R1_001_AGTG.trim.bt2.bam,0.614226681
Pool_17_S1_L001_R1_001_TGGT.trim.bt2.bam,0.614678851
Pool_1_S1_L001_R1_001_TGGT.trim.bt2.bam,0.614782918
Pool_21_S5_L001_R1_001_AGTG.trim.bt2.bam,0.615215656
Pool_7_Jaskiel_Lane1_S7_L003_R1_001_CATC.trim.bt2.bam,0.617520439
Pool_19_S3_L001_R1_001_CATC.trim.bt2.bam,0.617672432
Pool_5_Jaskiel_Lane1_S5_L003_R1_001_AGTG.trim.bt2.bam,0.618116293
Pool_2_Jaskiel_Lane1_S2_L003_R1_001_GCTT.trim.bt2.bam,0.619483208
Pool_12_Jaskiel_Lane2_S12_L004_R1_001_TCAG.trim.bt2.bam,0.620523939
Pool_8_S8_L001_R1_001_TCAG.trim.bt2.bam,0.622703106
Pool_1_Jaskiel_Lane1_S1_L003_R1_001_TCAC.trim.bt2.bam,0.623914493
Pool_16_S16_L002_R1_001_TCAC.trim.bt2.bam,0.624755844
Pool_12_Jaskiel_Lane2_S12_L004_R1_001_CTAC.trim.bt2.bam,0.627197308
Pool_13_S13_L002_R1_001_CTAC.trim.bt2.bam,0.627694654
Pool_2_Jaskiel_Lane1_S2_L003_R1_001_CTAC.trim.bt2.bam,0.631760895
Pool_21_S5_L001_R1_001_ACCA.trim.bt2.bam,0.632708108
Pool_12_S12_L002_R1_001_GACT.trim.bt2.bam,0.638595807
Pool_13_S13_L002_R1_001_TCAG.trim.bt2.bam,0.642752372
Pool_21_S5_L001_R1_001_GTGA.trim.bt2.bam,0.643564806
Pool_21_S5_L001_R1_001_GCTT.trim.bt2.bam,0.644483998
Pool_21_S5_L001_R1_001_AGAC.trim.bt2.bam,0.64542861
Pool_4_S4_L001_R1_001_GACT.trim.bt2.bam,0.645550338
Pool_11_Jaskiel_Lane2_S11_L004_R1_001_GACT.trim.bt2.bam,0.646102581
Pool_10_S10_L002_R1_001_ACCA.trim.bt2.bam,0.647753677
Pool_13_S13_L002_R1_001_AGTG.trim.bt2.bam,0.648424525
Pool_12_S12_L002_R1_001_TCAC.trim.bt2.bam,0.64863155
Pool_19_S3_L001_R1_001_TGTC.trim.bt2.bam,0.648956917
Pool_15_S15_L002_R1_001_CATC.trim.bt2.bam,0.649633237
Pool_1_S1_L001_R1_001_TGTC.trim.bt2.bam,0.650040349
Pool_17_S1_L001_R1_001_TGTC.trim.bt2.bam,0.651938324
Pool_22_S6_L001_R1_001_TGGT.trim.bt2.bam,0.652200184
Pool_18_S2_L001_R1_001_GACT.trim.bt2.bam,0.654949191
Pool_21_S5_L001_R1_001_TCAC.trim.bt2.bam,0.655146485
Pool_20_S4_L001_R1_001_GTGA.trim.bt2.bam,0.656815416
Pool_16_S16_L002_R1_001_ACCA.trim.bt2.bam,0.65688624
Pool_5_Jaskiel_Lane1_S5_L003_R1_001_CTAC.trim.bt2.bam,0.657466192
Pool_1_Jaskiel_Lane1_S1_L003_R1_001_TCAG.trim.bt2.bam,0.658151788
Pool_21_S5_L001_R1_001_TGGT.trim.bt2.bam,0.66026595
Pool_17_S1_L001_R1_001_CTAC.trim.bt2.bam,0.661484203
Pool_11_S11_L002_R1_001_GACT.trim.bt2.bam,0.661818713
Pool_1_Jaskiel_Lane1_S1_L003_R1_001_ACCA.trim.bt2.bam,0.66248062
Pool_14_S14_L002_R1_001_TCAG.trim.bt2.bam,0.662936958
Pool_6_S6_L001_R1_001_TCAG.trim.bt2.bam,0.663209794
Pool_18_S2_L001_R1_001_TCAC.trim.bt2.bam,0.663349098
Pool_18_S2_L001_R1_001_TGTC.trim.bt2.bam,0.664184804
Pool_3_Jaskiel_Lane1_S3_L003_R1_001_GCTT.trim.bt2.bam,0.664642022
Pool_18_S2_L001_R1_001_CTAC.trim.bt2.bam,0.666925928
Pool_13_Jaskiel_Lane2_S13_L004_R1_001_TCAC.trim.bt2.bam,0.667811105
Pool_5_S5_L001_R1_001_GACT.trim.bt2.bam,0.668533882
Pool_5_S5_L001_R1_001_TGTC.trim.bt2.bam,0.669558173
Pool_19_S3_L001_R1_001_TGGT.trim.bt2.bam,0.669671065
Pool_2_S2_L001_R1_001_TCAC.trim.bt2.bam,0.669950547
Pool_1_S1_L001_R1_001_GCTT.trim.bt2.bam,0.670157198
Pool_11_S11_L002_R1_001_AGAC.trim.bt2.bam,0.670736454
Pool_19_S3_L001_R1_001_ACCA.trim.bt2.bam,0.670944473
Pool_9_Jaskiel_Lane2_S9_L004_R1_001_GACT.trim.bt2.bam,0.671485801
Pool_18_S2_L001_R1_001_ACCA.trim.bt2.bam,0.672368389
Pool_7_S7_L001_R1_001_CATC.trim.bt2.bam,0.67266422
Pool_5_Jaskiel_Lane1_S5_L003_R1_001_AGAC.trim.bt2.bam,0.673818364
Pool_13_S13_L002_R1_001_GTGA.trim.bt2.bam,0.675644897
Pool_11_S11_L002_R1_001_TGGT.trim.bt2.bam,0.676928858
Pool_13_S13_L002_R1_001_TGGT.trim.bt2.bam,0.677139461
Pool_10_Jaskiel_Lane2_S10_L004_R1_001_AGTG.trim.bt2.bam,0.678811521
Pool_10_S10_L002_R1_001_TCAC.trim.bt2.bam,0.679260337
Pool_12_S12_L002_R1_001_ACCA.trim.bt2.bam,0.680746
Pool_19_S3_L001_R1_001_TCAC.trim.bt2.bam,0.68181484
Pool_9_S9_L002_R1_001_TCAG.trim.bt2.bam,0.682003479
Pool_9_Jaskiel_Lane2_S9_L004_R1_001_TGTC.trim.bt2.bam,0.682241189
Pool_9_S9_L002_R1_001_AGAC.trim.bt2.bam,0.683234122
Pool_24_S8_L001_R1_001_TCAC.trim.bt2.bam,0.684959397
Pool_18_S2_L001_R1_001_CATC.trim.bt2.bam,0.685127313
Pool_11_S11_L002_R1_001_TCAC.trim.bt2.bam,0.687396828
Pool_9_S9_L002_R1_001_GTGA.trim.bt2.bam,0.6880162
Pool_22_S6_L001_R1_001_GTGA.trim.bt2.bam,0.688183312
Pool_19_S3_L001_R1_001_AGTG.trim.bt2.bam,0.690101876
Pool_14_S14_L002_R1_001_GTGA.trim.bt2.bam,0.6907993
Pool_10_Jaskiel_Lane2_S10_L004_R1_001_CTAC.trim.bt2.bam,0.691597161
Pool_18_S2_L001_R1_001_GCTT.trim.bt2.bam,0.69251033
Pool_11_S11_L002_R1_001_CATC.trim.bt2.bam,0.692983633
Pool_3_Jaskiel_Lane1_S3_L003_R1_001_TCAC.trim.bt2.bam,0.693505789
Pool_11_S11_L002_R1_001_TCAG.trim.bt2.bam,0.693736109
Pool_14_S14_L002_R1_001_AGAC.trim.bt2.bam,0.693798877
Pool_16_S16_L002_R1_001_GCTT.trim.bt2.bam,0.694371029
Pool_3_Jaskiel_Lane1_S3_L003_R1_001_CATC.trim.bt2.bam,0.697204741
Pool_18_S2_L001_R1_001_GTGA.trim.bt2.bam,0.697858601
Pool_1_S1_L001_R1_001_TCAC.trim.bt2.bam,0.698746079
Pool_16_S16_L002_R1_001_AGTG.trim.bt2.bam,0.700968726
Pool_2_S2_L001_R1_001_TGTC.trim.bt2.bam,0.701298705
Pool_19_S3_L001_R1_001_GCTT.trim.bt2.bam,0.704434143
Pool_1_S1_L001_R1_001_TCAG.trim.bt2.bam,0.704454849
Pool_20_S4_L001_R1_001_TCAC.trim.bt2.bam,0.706489089
Pool_10_Jaskiel_Lane2_S10_L004_R1_001_AGAC.trim.bt2.bam,0.708463619
Pool_7_S7_L001_R1_001_TCAG.trim.bt2.bam,0.708789873
Pool_1_Jaskiel_Lane1_S1_L003_R1_001_GCTT.trim.bt2.bam,0.709183723
Pool_16_S16_L002_R1_001_TGGT.trim.bt2.bam,0.709792651
Pool_2_Jaskiel_Lane1_S2_L003_R1_001_TCAG.trim.bt2.bam,0.710609407
Pool_2_Jaskiel_Lane1_S2_L003_R1_001_ACCA.trim.bt2.bam,0.711119957
Pool_9_S9_L002_R1_001_TGGT.trim.bt2.bam,0.711435167
Pool_9_Jaskiel_Lane2_S9_L004_R1_001_TCAG.trim.bt2.bam,0.713532666
Pool_5_Jaskiel_Lane1_S5_L003_R1_001_TGTC.trim.bt2.bam,0.714050309
Pool_17_S1_L001_R1_001_ACCA.trim.bt2.bam,0.714122923
Pool_3_Jaskiel_Lane1_S3_L003_R1_001_TCAG.trim.bt2.bam,0.715093026
Pool_3_Jaskiel_Lane1_S3_L003_R1_001_TGTC.trim.bt2.bam,0.716304234
Pool_22_S6_L001_R1_001_AGAC.trim.bt2.bam,0.717780184
Pool_12_Jaskiel_Lane2_S12_L004_R1_001_CATC.trim.bt2.bam,0.71865552
Pool_8_S8_L001_R1_001_GTGA.trim.bt2.bam,0.719138928
Pool_2_S2_L001_R1_001_GCTT.trim.bt2.bam,0.721225379
Pool_13_S13_L002_R1_001_AGAC.trim.bt2.bam,0.721329738
Pool_14_S14_L002_R1_001_TGGT.trim.bt2.bam,0.722927492
Pool_10_S10_L002_R1_001_GTGA.trim.bt2.bam,0.723752658
Pool_2_Jaskiel_Lane1_S2_L003_R1_001_TGTC.trim.bt2.bam,0.723809286
Pool_5_S5_L001_R1_001_CTAC.trim.bt2.bam,0.7238861
Pool_12_S12_L002_R1_001_GCTT.trim.bt2.bam,0.725531703
Pool_15_S15_L002_R1_001_ACCA.trim.bt2.bam,0.727858501
Pool_1_Jaskiel_Lane1_S1_L003_R1_001_TGGT.trim.bt2.bam,0.729453258
Pool_19_S3_L001_R1_001_GTGA.trim.bt2.bam,0.730542139
Pool_5_Jaskiel_Lane1_S5_L003_R1_001_TCAC.trim.bt2.bam,0.732239479
Pool_9_S9_L002_R1_001_TCAC.trim.bt2.bam,0.734090176
Pool_10_Jaskiel_Lane2_S10_L004_R1_001_TGGT.trim.bt2.bam,0.734317486
Pool_4_Jaskiel_Lane1_S4_L003_R1_001_TGTC.trim.bt2.bam,0.736036587
Pool_6_Jaskiel_Lane1_S6_L003_R1_001_TCAC.trim.bt2.bam,0.736707999
Pool_2_S2_L001_R1_001_TGGT.trim.bt2.bam,0.739229531
Pool_7_S7_L001_R1_001_AGAC.trim.bt2.bam,0.74041707
Pool_6_Jaskiel_Lane1_S6_L003_R1_001_CATC.trim.bt2.bam,0.742685308
Pool_15_S15_L002_R1_001_AGTG.trim.bt2.bam,0.745570185
Pool_5_S5_L001_R1_001_GCTT.trim.bt2.bam,0.74738071
Pool_16_S16_L002_R1_001_GTGA.trim.bt2.bam,0.747946643
Pool_17_S1_L001_R1_001_GACT.trim.bt2.bam,0.749510123
Pool_5_S5_L001_R1_001_TCAG.trim.bt2.bam,0.74980744
Pool_9_S9_L002_R1_001_CTAC.trim.bt2.bam,0.750323011
Pool_8_S8_L001_R1_001_TGGT.trim.bt2.bam,0.750525547
Pool_17_S1_L001_R1_001_GTGA.trim.bt2.bam,0.750704921
Pool_3_S3_L001_R1_001_GCTT.trim.bt2.bam,0.752549442
Pool_6_S6_L001_R1_001_TGGT.trim.bt2.bam,0.7529346
Pool_15_S15_L002_R1_001_GTGA.trim.bt2.bam,0.753822781
Pool_6_S6_L001_R1_001_GCTT.trim.bt2.bam,0.754124227
Pool_11_Jaskiel_Lane2_S11_L004_R1_001_TGGT.trim.bt2.bam,0.75542168
Pool_11_S11_L002_R1_001_GTGA.trim.bt2.bam,0.757257365
Pool_5_Jaskiel_Lane1_S5_L003_R1_001_GCTT.trim.bt2.bam,0.757585186
Pool_2_S2_L001_R1_001_ACCA.trim.bt2.bam,0.757675704
Pool_19_S3_L001_R1_001_AGAC.trim.bt2.bam,0.760112235
Pool_11_Jaskiel_Lane2_S11_L004_R1_001_TGTC.trim.bt2.bam,0.762756152
Pool_10_S10_L002_R1_001_GCTT.trim.bt2.bam,0.76285792
Pool_1_S1_L001_R1_001_GTGA.trim.bt2.bam,0.763096427
Pool_20_S4_L001_R1_001_AGAC.trim.bt2.bam,0.763137455
Pool_8_S8_L001_R1_001_CATC.trim.bt2.bam,0.763366854
Pool_18_S2_L001_R1_001_AGAC.trim.bt2.bam,0.765233545
Pool_16_S16_L002_R1_001_TGTC.trim.bt2.bam,0.765302838
Pool_1_S1_L001_R1_001_CTAC.trim.bt2.bam,0.76762371
Pool_5_S5_L001_R1_001_TGGT.trim.bt2.bam,0.768231677
Pool_17_S1_L001_R1_001_TCAC.trim.bt2.bam,0.768967627
Pool_3_S3_L001_R1_001_TGGT.trim.bt2.bam,0.770921141
Pool_8_Jaskiel_Lane1_S8_L003_R1_001_TCAC.trim.bt2.bam,0.771110052
Pool_3_S3_L001_R1_001_TCAG.trim.bt2.bam,0.772265232
Pool_7_S7_L001_R1_001_ACCA.trim.bt2.bam,0.772804704
Pool_4_S4_L001_R1_001_TGGT.trim.bt2.bam,0.772911365
Pool_20_S4_L001_R1_001_TCAG.trim.bt2.bam,0.774104722
Pool_11_S11_L002_R1_001_GCTT.trim.bt2.bam,0.775310518
Pool_9_S9_L002_R1_001_CATC.trim.bt2.bam,0.77532281
Pool_5_S5_L001_R1_001_ACCA.trim.bt2.bam,0.775693481
Pool_5_Jaskiel_Lane1_S5_L003_R1_001_TGGT.trim.bt2.bam,0.77632185
Pool_10_Jaskiel_Lane2_S10_L004_R1_001_CATC.trim.bt2.bam,0.779633978
Pool_7_Jaskiel_Lane1_S7_L003_R1_001_AGTG.trim.bt2.bam,0.77989427
Pool_16_S16_L002_R1_001_TCAG.trim.bt2.bam,0.78071548
Pool_2_S2_L001_R1_001_GTGA.trim.bt2.bam,0.781668609
Pool_14_S14_L002_R1_001_GCTT.trim.bt2.bam,0.783609199
Pool_16_S16_L002_R1_001_AGAC.trim.bt2.bam,0.783776966
Pool_12_S12_L002_R1_001_CATC.trim.bt2.bam,0.784894026
Pool_6_Jaskiel_Lane1_S6_L003_R1_001_TCAG.trim.bt2.bam,0.785103174
Pool_5_Jaskiel_Lane1_S5_L003_R1_001_CATC.trim.bt2.bam,0.786220438
Pool_13_Jaskiel_Lane2_S13_L004_R1_001_CTAC.trim.bt2.bam,0.786386778
Pool_7_S7_L001_R1_001_TGTC.trim.bt2.bam,0.787396521
Pool_5_S5_L001_R1_001_GTGA.trim.bt2.bam,0.789127368
Pool_6_S6_L001_R1_001_GTGA.trim.bt2.bam,0.789827361
Pool_1_S1_L001_R1_001_AGAC.trim.bt2.bam,0.790774283
Pool_6_Jaskiel_Lane1_S6_L003_R1_001_GTGA.trim.bt2.bam,0.790939094
Pool_9_S9_L002_R1_001_TGTC.trim.bt2.bam,0.791537553
Pool_9_S9_L002_R1_001_GCTT.trim.bt2.bam,0.791753694
Pool_4_S4_L001_R1_001_CATC.trim.bt2.bam,0.792324716
Pool_6_S6_L001_R1_001_CATC.trim.bt2.bam,0.792713805
Pool_7_Jaskiel_Lane1_S7_L003_R1_001_TCAG.trim.bt2.bam,0.795015823
Pool_7_Jaskiel_Lane1_S7_L003_R1_001_GCTT.trim.bt2.bam,0.798015682
Pool_11_S11_L002_R1_001_CTAC.trim.bt2.bam,0.798502002
Pool_3_S3_L001_R1_001_GTGA.trim.bt2.bam,0.79859638
Pool_5_Jaskiel_Lane1_S5_L003_R1_001_ACCA.trim.bt2.bam,0.799723176
Pool_4_S4_L001_R1_001_ACCA.trim.bt2.bam,0.801120523
Pool_10_S10_L002_R1_001_AGAC.trim.bt2.bam,0.801170118
Pool_9_S9_L002_R1_001_ACCA.trim.bt2.bam,0.802791898
Pool_1_S1_L001_R1_001_AGTG.trim.bt2.bam,0.803872153
Pool_15_Jaskiel_Lane2_S15_L004_R1_001_AGAC.trim.bt2.bam,0.806015362
Pool_3_Jaskiel_Lane1_S3_L003_R1_001_AGTG.trim.bt2.bam,0.806537101
Pool_4_Jaskiel_Lane1_S4_L003_R1_001_GTGA.trim.bt2.bam,0.807561497
Pool_11_S11_L002_R1_001_TGTC.trim.bt2.bam,0.808235712
Pool_4_Jaskiel_Lane1_S4_L003_R1_001_GACT.trim.bt2.bam,0.808423642
Pool_19_S3_L001_R1_001_TCAG.trim.bt2.bam,0.808620766
Pool_7_S7_L001_R1_001_GTGA.trim.bt2.bam,0.80918189
Pool_2_S2_L001_R1_001_GACT.trim.bt2.bam,0.810586324
Pool_3_Jaskiel_Lane1_S3_L003_R1_001_AGAC.trim.bt2.bam,0.811329008
Pool_1_Jaskiel_Lane1_S1_L003_R1_001_GTGA.trim.bt2.bam,0.813167364
Pool_15_Jaskiel_Lane2_S15_L004_R1_001_CATC.trim.bt2.bam,0.813947662
Pool_5_Jaskiel_Lane1_S5_L003_R1_001_GTGA.trim.bt2.bam,0.815748759
Pool_22_S6_L001_R1_001_AGTG.trim.bt2.bam,0.816192763
Pool_2_Jaskiel_Lane1_S2_L003_R1_001_GACT.trim.bt2.bam,0.818621331
Pool_8_S8_L001_R1_001_AGTG.trim.bt2.bam,0.822907068
Pool_12_S12_L002_R1_001_AGTG.trim.bt2.bam,0.823720089
Pool_6_Jaskiel_Lane1_S6_L003_R1_001_TGTC.trim.bt2.bam,0.824990297
Pool_14_S14_L002_R1_001_TGTC.trim.bt2.bam,0.825628377
Pool_10_S10_L002_R1_001_CTAC.trim.bt2.bam,0.826588472
Pool_10_S10_L002_R1_001_TGTC.trim.bt2.bam,0.827317577
Pool_14_Jaskiel_Lane2_S14_L004_R1_001_AGAC.trim.bt2.bam,0.827717638
Pool_17_S1_L001_R1_001_AGAC.trim.bt2.bam,0.829411739
Pool_4_S4_L001_R1_001_GCTT.trim.bt2.bam,0.830989439
Pool_1_Jaskiel_Lane1_S1_L003_R1_001_TGTC.trim.bt2.bam,0.833772846
Pool_24_S8_L001_R1_001_GTGA.trim.bt2.bam,0.83391017
Pool_7_Jaskiel_Lane1_S7_L003_R1_001_TGTC.trim.bt2.bam,0.834640896
Pool_20_S4_L001_R1_001_TGTC.trim.bt2.bam,0.836085369
Pool_4_S4_L001_R1_001_AGTG.trim.bt2.bam,0.836457987
Pool_1_S1_L001_R1_001_CATC.trim.bt2.bam,0.83652921
Pool_4_Jaskiel_Lane1_S4_L003_R1_001_ACCA.trim.bt2.bam,0.8369822
Pool_13_S13_L002_R1_001_TGTC.trim.bt2.bam,0.837121697
Pool_6_S6_L001_R1_001_AGTG.trim.bt2.bam,0.837344118
Pool_12_S12_L002_R1_001_TCAG.trim.bt2.bam,0.837661557
Pool_24_S8_L001_R1_001_AGTG.trim.bt2.bam,0.838421047
Pool_10_Jaskiel_Lane2_S10_L004_R1_001_ACCA.trim.bt2.bam,0.838460423
Pool_22_S6_L001_R1_001_TGTC.trim.bt2.bam,0.839307875
Pool_22_S6_L001_R1_001_GACT.trim.bt2.bam,0.839345068
Pool_6_S6_L001_R1_001_CTAC.trim.bt2.bam,0.842027564
Pool_13_S13_L002_R1_001_ACCA.trim.bt2.bam,0.842554085
Pool_3_Jaskiel_Lane1_S3_L003_R1_001_ACCA.trim.bt2.bam,0.843127133
Pool_5_Jaskiel_Lane1_S5_L003_R1_001_TCAG.trim.bt2.bam,0.843292694
Pool_2_S2_L001_R1_001_AGAC.trim.bt2.bam,0.844038722
Pool_7_Jaskiel_Lane1_S7_L003_R1_001_AGAC.trim.bt2.bam,0.844064751
Pool_4_S4_L001_R1_001_GTGA.trim.bt2.bam,0.844502788
Pool_23_S7_L001_R1_001_TGGT.trim.bt2.bam,0.844753411
Pool_14_S14_L002_R1_001_ACCA.trim.bt2.bam,0.844785642
Pool_7_S7_L001_R1_001_TGGT.trim.bt2.bam,0.846182785
Pool_8_Jaskiel_Lane1_S8_L003_R1_001_GCTT.trim.bt2.bam,0.846340208
Pool_12_Jaskiel_Lane2_S12_L004_R1_001_GCTT.trim.bt2.bam,0.846424638
Pool_12_S12_L002_R1_001_GTGA.trim.bt2.bam,0.846988721
Pool_10_S10_L002_R1_001_TGGT.trim.bt2.bam,0.847400843
Pool_8_Jaskiel_Lane1_S8_L003_R1_001_AGTG.trim.bt2.bam,0.84743692
Pool_8_Jaskiel_Lane1_S8_L003_R1_001_AGAC.trim.bt2.bam,0.848159228
Pool_7_S7_L001_R1_001_TCAC.trim.bt2.bam,0.848603225
Pool_23_S7_L001_R1_001_TGTC.trim.bt2.bam,0.850931172
Pool_23_S7_L001_R1_001_GACT.trim.bt2.bam,0.851070546
Pool_22_S6_L001_R1_001_TCAC.trim.bt2.bam,0.851163776
Pool_20_S4_L001_R1_001_ACCA.trim.bt2.bam,0.851283263
Pool_22_S6_L001_R1_001_ACCA.trim.bt2.bam,0.854173543
Pool_15_Jaskiel_Lane2_S15_L004_R1_001_ACCA.trim.bt2.bam,0.854725312
Pool_4_S4_L001_R1_001_AGAC.trim.bt2.bam,0.854814704
Pool_3_Jaskiel_Lane1_S3_L003_R1_001_GACT.trim.bt2.bam,0.854948555
Pool_2_Jaskiel_Lane1_S2_L003_R1_001_TGGT.trim.bt2.bam,0.855701713
Pool_15_S15_L002_R1_001_GACT.trim.bt2.bam,0.856677165
Pool_23_S7_L001_R1_001_AGAC.trim.bt2.bam,0.857319556
Pool_21_S5_L001_R1_001_TCAG.trim.bt2.bam,0.857729719
Pool_23_S7_L001_R1_001_TCAC.trim.bt2.bam,0.858114409
Pool_1_S1_L001_R1_001_ACCA.trim.bt2.bam,0.858258202
Pool_20_S4_L001_R1_001_TGGT.trim.bt2.bam,0.858299455
Pool_11_S11_L002_R1_001_AGTG.trim.bt2.bam,0.858628917
Pool_2_Jaskiel_Lane1_S2_L003_R1_001_TCAC.trim.bt2.bam,0.858786869
Pool_7_Jaskiel_Lane1_S7_L003_R1_001_CTAC.trim.bt2.bam,0.860105289
Pool_5_Jaskiel_Lane1_S5_L003_R1_001_GACT.trim.bt2.bam,0.861247125
Pool_11_S11_L002_R1_001_ACCA.trim.bt2.bam,0.862643697
Pool_21_S5_L001_R1_001_TGTC.trim.bt2.bam,0.863513692
Pool_6_S6_L001_R1_001_ACCA.trim.bt2.bam,0.866997317
Pool_15_Jaskiel_Lane2_S15_L004_R1_001_TCAG.trim.bt2.bam,0.867398766
Pool_4_S4_L001_R1_001_CTAC.trim.bt2.bam,0.867586088
Pool_13_Jaskiel_Lane2_S13_L004_R1_001_TGTC.trim.bt2.bam,0.867785492
Pool_12_S12_L002_R1_001_AGAC.trim.bt2.bam,0.869922525
Pool_23_S7_L001_R1_001_GTGA.trim.bt2.bam,0.870158822
Pool_21_S5_L001_R1_001_GACT.trim.bt2.bam,0.870779647
Pool_24_S8_L001_R1_001_GCTT.trim.bt2.bam,0.871735693
Pool_10_S10_L002_R1_001_TCAG.trim.bt2.bam,0.87209753
Pool_8_S8_L001_R1_001_ACCA.trim.bt2.bam,0.872370903
Pool_1_Jaskiel_Lane1_S1_L003_R1_001_GACT.trim.bt2.bam,0.87343045
Pool_10_S10_L002_R1_001_AGTG.trim.bt2.bam,0.87392561
Pool_3_S3_L001_R1_001_TGTC.trim.bt2.bam,0.873971437
Pool_14_S14_L002_R1_001_GACT.trim.bt2.bam,0.874182777
Pool_15_Jaskiel_Lane2_S15_L004_R1_001_GACT.trim.bt2.bam,0.87548363
Pool_8_S8_L001_R1_001_AGAC.trim.bt2.bam,0.87613191
Pool_22_S6_L001_R1_001_CTAC.trim.bt2.bam,0.876802861
Pool_8_Jaskiel_Lane1_S8_L003_R1_001_CATC.trim.bt2.bam,0.877201539
Pool_11_Jaskiel_Lane2_S11_L004_R1_001_TCAC.trim.bt2.bam,0.877286695
Pool_24_S8_L001_R1_001_TGGT.trim.bt2.bam,0.878600721
Pool_7_S7_L001_R1_001_AGTG.trim.bt2.bam,0.879862061
Pool_12_S12_L002_R1_001_TGGT.trim.bt2.bam,0.880633002
Pool_14_S14_L002_R1_001_TCAC.trim.bt2.bam,0.881108759
Pool_7_S7_L001_R1_001_GACT.trim.bt2.bam,0.882255603
Pool_16_S16_L002_R1_001_CATC.trim.bt2.bam,0.882733648
Pool_16_S16_L002_R1_001_GACT.trim.bt2.bam,0.883417324
Pool_21_S5_L001_R1_001_CTAC.trim.bt2.bam,0.883748902
Pool_23_S7_L001_R1_001_CTAC.trim.bt2.bam,0.884488588
Pool_5_S5_L001_R1_001_AGTG.trim.bt2.bam,0.885013771
Pool_4_S4_L001_R1_001_TCAG.trim.bt2.bam,0.885422397
Pool_2_S2_L001_R1_001_AGTG.trim.bt2.bam,0.885875584
Pool_3_Jaskiel_Lane1_S3_L003_R1_001_GTGA.trim.bt2.bam,0.886607475
Pool_4_S4_L001_R1_001_TCAC.trim.bt2.bam,0.88768987
Pool_24_S8_L001_R1_001_CTAC.trim.bt2.bam,0.887898487
Pool_3_S3_L001_R1_001_AGAC.trim.bt2.bam,0.890505479
Pool_24_S8_L001_R1_001_ACCA.trim.bt2.bam,0.893177139
Pool_10_S10_L002_R1_001_CATC.trim.bt2.bam,0.894635824
Pool_15_S15_L002_R1_001_AGAC.trim.bt2.bam,0.894785836
Pool_6_S6_L001_R1_001_TCAC.trim.bt2.bam,0.895454759
Pool_14_Jaskiel_Lane2_S14_L004_R1_001_GTGA.trim.bt2.bam,0.895720766
Pool_8_S8_L001_R1_001_GACT.trim.bt2.bam,0.895910532
Pool_10_S10_L002_R1_001_GACT.trim.bt2.bam,0.898335402
Pool_6_S6_L001_R1_001_GACT.trim.bt2.bam,0.89843701
Pool_18_S2_L001_R1_001_AGTG.trim.bt2.bam,0.898975586
Pool_6_Jaskiel_Lane1_S6_L003_R1_001_GACT.trim.bt2.bam,0.900189274
Pool_15_S15_L002_R1_001_TCAC.trim.bt2.bam,0.900899578
Pool_6_S6_L001_R1_001_AGAC.trim.bt2.bam,0.901916692
Pool_8_Jaskiel_Lane1_S8_L003_R1_001_ACCA.trim.bt2.bam,0.902115298
Pool_8_Jaskiel_Lane1_S8_L003_R1_001_TGTC.trim.bt2.bam,0.904910363
Pool_8_Jaskiel_Lane1_S8_L003_R1_001_TCAG.trim.bt2.bam,0.905684095
Pool_3_S3_L001_R1_001_ACCA.trim.bt2.bam,0.907360712
Pool_5_S5_L001_R1_001_AGAC.trim.bt2.bam,0.908312075
Pool_15_Jaskiel_Lane2_S15_L004_R1_001_GTGA.trim.bt2.bam,0.911862499
Pool_7_Jaskiel_Lane1_S7_L003_R1_001_ACCA.trim.bt2.bam,0.912655372
Pool_8_Jaskiel_Lane1_S8_L003_R1_001_CTAC.trim.bt2.bam,0.913463473
Pool_24_S8_L001_R1_001_CATC.trim.bt2.bam,0.914551532
Pool_8_Jaskiel_Lane1_S8_L003_R1_001_GTGA.trim.bt2.bam,0.914926127
Pool_8_Jaskiel_Lane1_S8_L003_R1_001_GACT.trim.bt2.bam,0.917024515
Pool_10_Jaskiel_Lane2_S10_L004_R1_001_GACT.trim.bt2.bam,0.918757543
Pool_7_Jaskiel_Lane1_S7_L003_R1_001_GTGA.trim.bt2.bam,0.923540888
Pool_9_S9_L002_R1_001_GACT.trim.bt2.bam,0.923946335
Pool_14_Jaskiel_Lane2_S14_L004_R1_001_TGGT.trim.bt2.bam,0.927000483
Pool_18_S2_L001_R1_001_TCAG.trim.bt2.bam,0.928676328
Pool_8_Jaskiel_Lane1_S8_L003_R1_001_TGGT.trim.bt2.bam,0.93134487
Pool_1_S1_L001_R1_001_GACT.trim.bt2.bam,0.936383403
Pool_4_Jaskiel_Lane1_S4_L003_R1_001_TGGT.trim.bt2.bam,0.942801048
Pool_15_Jaskiel_Lane2_S15_L004_R1_001_TGGT.trim.bt2.bam,0.946176517
Pool_3_Jaskiel_Lane1_S3_L003_R1_001_TGGT.trim.bt2.bam,0.946637894
Pool_7_Jaskiel_Lane1_S7_L003_R1_001_TGGT.trim.bt2.bam,0.953680638